id,cluster_group,d1,d2,d3,d4,d5,d6,d7,d8,d9,m1,m2,m3,m4,m5,m6,m7,m8,m9,m10
7,GA_UA_Group2,ga:mobileDeviceBranding,,,,,,,,,ga:users,ga:newUsers,,,,,,,,
8,GA_UA_Group3,ga:userAgeBracket,,,,,,,,,ga:users,ga:newUsers,,,,,,,,
9,GA_UA_Group4,ga:userGender,,,,,,,,,ga:users,ga:newUsers,,,,,,,,
10,GA_UA_Group5,ga:medium,ga:source,ga:deviceCategory,ga:date,ga:cityId,,,,,ga:goal1Completions,ga:goal2Completions,ga:goal3Completions,ga:goal4Completions,ga:goal5Completions,ga:goal6Completions,ga:goal7Completions,ga:goal8Completions,ga:goal9Completions,ga:goal10Completions
6,GA_UA_Group1,ga:medium,ga:source,ga:deviceCategory,ga:operatingSystem,ga:cityId,ga:pageTitle,,,,ga:users,ga:newUsers,ga:pageviews,ga:goal1Completions,ga:bounceRate,ga:sessions,,,,
1,GA_GA4_Group1,sessionMedium,sessionSource,deviceCategory,operatingSystem,cityId,pageTitle,,,,totalUsers,newUsers,screenPageViews,activeUsers,engagementRate,sessions,,,,
2,GA_GA4_Group2,mobileDeviceBranding,,,,,,,,,totalUsers,newUsers,screenPageViews,activeUsers,,,,,,
3,GA_GA4_Group3,userAgeBracket,,,,,,,,,totalUsers,newUsers,screenPageViews,activeUsers,,,,,,
4,GA_GA4_Group4,userGender,,,,,,,,,totalUsers,newUsers,screenPageViews,activeUsers,,,,,,
5,GA_GA4_Group5,sessionMedium,sessionSource,deviceCategory,operatingSystem,cityId,pageTitle,eventName,isConversionEvent,,eventCount,,,,,,,,,
